{
  "accuracy": 0.998324958123953,
  "f1": 0.998324958123953,
  "support": 597,
  "aucroc": 1.0
}