{
  "accuracy": 0.9745762711864406,
  "f1": 0.9752066115702479,
  "support": 118,
  "aucroc": 1.0
}