{
  "accuracy": 0.9865996649916248,
  "f1": 0.9867549668874173,
  "support": 597,
  "aucroc": 0.9970651612758412
}