{
  "accuracy": 0.7777777777777778,
  "f1": 0.7407407407407407,
  "support": 63,
  "aucroc": 0.8094758064516129
}