{
  "accuracy": 0.7502099135156316,
  "f1": 0.7112549035467303,
  "support": 142916,
  "aucroc": 0.8395510377293246
}